electrode,j,T,V_rev,eta_act,eta_ohm,eta_conc,V_cell,model_act,j0_T,r_total,j_lim
Pt-ref,0.01,298.0,1.2298732968034478,0.006354852891763565,0.00090201312462653,3.221826407553266e-05,1.2371623810839134,butler-volmer,0.02,0.090201312462653,3.9902653971846744
Pt-ref,0.030204081632653063,298.0,1.2298732968034478,0.017904465748828036,0.0027244478049944175,9.756002474348098e-05,1.2505997703820138,butler-volmer,0.02,0.090201312462653,3.9902653971846744
Pt-ref,0.05040816326530612,298.0,1.2298732968034478,0.027065112085420697,0.0045468824853623045,0.00016323601063168914,1.2616485273848623,butler-volmer,0.02,0.090201312462653,3.9902653971846744
Pt-ref,0.07061224489795918,298.0,1.2298732968034478,0.0342429645393258,0.006369317165730192,0.00022924965847231902,1.2707148281669762,butler-volmer,0.02,0.090201312462653,3.9902653971846744
Pt-ref,0.09081632653061224,298.0,1.2298732968034478,0.04001956303494779,0.008191751846098078,0.00029560445827983686,1.2783802161427735,butler-volmer,0.02,0.090201312462653,3.9902653971846744
Pt-ref,0.1110204081632653,298.0,1.2298732968034478,0.044809967246130906,0.010014186526465966,0.00036230395445817256,1.285059754530503,butler-volmer,0.02,0.090201312462653,3.9902653971846744
Pt-ref,0.13122448979591836,298.0,1.2298732968034478,0.048884718370098085,0.011836621206833852,0.0004293517469367872,1.2910239881273164,butler-volmer,0.02,0.090201312462653,3.9902653971846744
Pt-ref,0.15142857142857144,298.0,1.2298732968034478,0.052422089003691656,0.013659055887201742,0.0004967514923365578,1.296451193186678,butler-volmer,0.02,0.090201312462653,3.9902653971846744
Pt-ref,0.1716326530612245,298.0,1.2298732968034478,0.055543405834993044,0.015481490567569629,0.0005645069051664246,1.301462700111177,butler-volmer,0.02,0.090201312462653,3.9902653971846744
Pt-ref,0.19183673469387758,298.0,1.2298732968034478,0.05833411886394198,0.01730392524793752,0.0006326217590517792,1.306143962674379,butler-volmer,0.02,0.090201312462653,3.9902653971846744
Pt-ref,0.21204081632653063,298.0,1.2298732968034478,0.06085632560916899,0.019126359928305404,0.0007010998879956109,1.3105570822289179,butler-volmer,0.02,0.090201312462653,3.9902653971846744
Pt-ref,0.23224489795918368,298.0,1.2298732968034478,0.06315640892426741,0.020948794608673292,0.0007699451876734614,1.314748445524062,butler-volmer,0.02,0.090201312462653,3.9902653971846744
Pt-ref,0.2524489795918367,298.0,1.2298732968034478,0.06526984709857292,0.022771229289041173,0.0008391616167632861,1.3187535348078252,butler-volmer,0.02,0.090201312462653,3.9902653971846744
Pt-ref,0.2726530612244898,298.0,1.2298732968034478,0.0672243414206023,0.024593663969409065,0.0009087531983113544,1.3226000553917705,butler-volmer,0.02,0.090201312462653,3.9902653971846744
Pt-ref,0.29285714285714287,298.0,1.2298732968034478,0.06904191083390357,0.026416098649776953,0.0009787240211353674,1.3263100303082638,butler-volmer,0.02,0.090201312462653,3.9902653971846744
Pt-ref,0.3130612244897959,298.0,1.2298732968034478,0.07074033285784083,0.028238533330144838,0.0010490782412660169,1.3299012412326996,butler-volmer,0.02,0.090201312462653,3.9902653971846744
Pt-ref,0.333265306122449,298.0,1.2298732968034478,0.07233415885176668,0.030060968010512727,0.0011198200834282581,1.3333882437491558,butler-volmer,0.02,0.090201312462653,3.9902653971846744
Pt-ref,0.353469387755102,298.0,1.2298732968034478,0.07383544486292255,0.03188340269088061,0.0011909538425636133,1.3367830981998146,butler-volmer,0.02,0.090201312462653,3.9902653971846744
Pt-ref,0.37367346938775514,298.0,1.2298732968034478,0.07525428792678662,0.03370583737124851,0.00126248388539488,1.3400959059868778,butler-volmer,0.02,0.090201312462653,3.9902653971846744
Pt-ref,0.39387755102040817,298.0,1.2298732968034478,0.07659922644409954,0.03552827205161639,0.001334414652034669,1.3433352099511984,butler-volmer,0.02,0.090201312462653,3.9902653971846744
Pt-ref,0.41408163265306125,298.0,1.2298732968034478,0.07787754375695395,0.037350706731984276,0.001406750657639251,1.3465082979500251,butler-volmer,0.02,0.090201312462653,3.9902653971846744
Pt-ref,0.4342857142857143,298.0,1.2298732968034478,0.07909550157896825,0.03917314141235216,0.0014794964941092586,1.3496214362888774,butler-volmer,0.02,0.090201312462653,3.9902653971846744
Pt-ref,0.45448979591836736,298.0,1.2298732968034478,0.08025852178691713,0.04099557609272005,0.001552656831838836,1.352680051514924,butler-volmer,0.02,0.090201312462653,3.9902653971846744
Pt-ref,0.4746938775510204,298.0,1.2298732968034478,0.08137132964788334,0.04281801077308794,0.0016262364215149125,1.355688873645934,butler-volmer,0.02,0.090201312462653,3.9902653971846744
Pt-ref,0.49489795918367346,298.0,1.2298732968034478,0.08243806786492415,0.04464044545345582,0.0017002400959683244,1.3586520502177961,butler-volmer,0.02,0.090201312462653,3.9902653971846744
Pt-ref,0.5151020408163265,298.0,1.2298732968034478,0.08346238827362078,0.04646288013382371,0.0017746727720785948,1.3615732379829708,butler-volmer,0.02,0.090201312462653,3.9902653971846744
Pt-ref,0.5353061224489796,298.0,1.2298732968034478,0.08444752623143094,0.0482853148141916,0.001849539452734246,1.3644556773018046,butler-volmer,0.02,0.090201312462653,3.9902653971846744
Pt-ref,0.5555102040816327,298.0,1.2298732968034478,0.0853963614665853,0.050107749494559484,0.001924845228850597,1.367302252993443,butler-volmer,0.02,0.090201312462653,3.9902653971846744
Pt-ref,0.5757142857142857,298.0,1.2298732968034478,0.08631146823281333,0.051930184174927375,0.002000595281447087,1.3701155444926356,butler-volmer,0.02,0.090201312462653,3.9902653971846744
Pt-ref,0.5959183673469388,298.0,1.2298732968034478,0.08719515694346733,0.05375261885529526,0.0020767948837862355,1.3728978674859966,butler-volmer,0.02,0.090201312462653,3.9902653971846744
Pt-ref,0.6161224489795918,298.0,1.2298732968034478,0.0880495089612503,0.055575053535663145,0.0021534494035764552,1.3756513087039377,butler-volmer,0.02,0.090201312462653,3.9902653971846744
Pt-ref,0.636326530612245,298.0,1.2298732968034478,0.08887640584805678,0.057397488216031044,0.0022305643052410217,1.3783777551727765,butler-volmer,0.02,0.090201312462653,3.9902653971846744
Pt-ref,0.656530612244898,298.0,1.2298732968034478,0.08967755409885754,0.05921992289639892,0.002308145152255567,1.3810789189509598,butler-volmer,0.02,0.090201312462653,3.9902653971846744
Pt-ref,0.676734693877551,298.0,1.2298732968034478,0.09045450616976375,0.06104235757676681,0.002386197609556665,1.3837563581595351,butler-volmer,0.02,0.090201312462653,3.9902653971846744
Pt-ref,0.696938775510204,298.0,1.2298732968034478,0.09120867844606075,0.06286479225713469,0.0024647274460240214,1.3864114949526674,butler-volmer,0.02,0.090201312462653,3.9902653971846744
Pt-ref,0.7171428571428571,298.0,1.2298732968034478,0.09194136666862361,0.06468722693750258,0.002543740537039094,1.3890456309466128,butler-volmer,0.02,0.090201312462653,3.9902653971846744
Pt-ref,0.7373469387755103,298.0,1.2298732968034478,0.0926537592376299,0.06650966161787047,0.0026232428671228705,1.391659960526071,butler-volmer,0.02,0.090201312462653,3.9902653971846744
Pt-ref,0.7575510204081634,298.0,1.2298732968034478,0.09334694873419953,0.06833209629823836,0.002703240532655872,1.3942555823685416,butler-volmer,0.02,0.090201312462653,3.9902653971846744
Pt-ref,0.7777551020408163,298.0,1.2298732968034478,0.09402194193856649,0.07015453097860624,0.002783739744683387,1.396833509465304,butler-volmer,0.02,0.090201312462653,3.9902653971846744
Pt-ref,0.7979591836734694,298.0,1.2298732968034478,0.09467966857392726,0.07197696565897413,0.0028647468318092205,1.3993946778681585,butler-volmer,0.02,0.090201312462653,3.9902653971846744
Pt-ref,0.8181632653061225,298.0,1.2298732968034478,0.09532098896542399,0.07379940033934203,0.002946268243181283,1.4019399543513953,butler-volmer,0.02,0.090201312462653,3.9902653971846744
Pt-ref,0.8383673469387755,298.0,1.2298732968034478,0.0959467007716905,0.0756218350197099,0.003028310551572607,1.404470143146421,butler-volmer,0.02,0.090201312462653,3.9902653971846744
Pt-ref,0.8585714285714285,298.0,1.2298732968034478,0.09655754492039616,0.0774442697000778,0.0031108804565613763,1.4069859918804832,butler-volmer,0.02,0.090201312462653,3.9902653971846744
Pt-ref,0.8787755102040816,298.0,1.2298732968034478,0.09715421085801397,0.07926670438044568,0.0031939847878139313,1.4094881968297213,butler-volmer,0.02,0.090201312462653,3.9902653971846744
Pt-ref,0.8989795918367347,298.0,1.2298732968034478,0.09773734120665259,0.08108913906081357,0.0032776305084746492,1.4119774075793887,butler-volmer,0.02,0.090201312462653,3.9902653971846744
Pt-ref,0.9191836734693877,298.0,1.2298732968034478,0.09830753590646471,0.08291157374118145,0.0033618247186670293,1.414454231169761,butler-volmer,0.02,0.090201312462653,3.9902653971846744
Pt-ref,0.9393877551020408,298.0,1.2298732968034478,0.0988653559102892,0.08473400842154934,0.0034465746591102716,1.4169192357943967,butler-volmer,0.02,0.090201312462653,3.9902653971846744
Pt-ref,0.959591836734694,298.0,1.2298732968034478,0.09941132648732888,0.08655644310191724,0.0035318877148560464,1.41937295410755,butler-volmer,0.02,0.090201312462653,3.9902653971846744
Pt-ref,0.9797959183673469,298.0,1.2298732968034478,0.09994594018444042,0.08837887778228512,0.0036177714191502155,1.4218158861893238,butler-volmer,0.02,0.090201312462653,3.9902653971846744
Pt-ref,1.0,298.0,1.2298732968034478,0.10046965948671956,0.090201312462653,0.0037042334574246025,1.4242485022102451,butler-volmer,0.02,0.090201312462653,3.9902653971846744
Pt-ref,0.01,333.0,1.25943737599895,0.002007780580147507,0.0005859370311340628,2.1629078257393257e-05,1.2620527226884888,butler-volmer,0.07140302090715395,0.05859370311340628,6.638598726708614
Pt-ref,0.030204081632653063,333.0,1.25943737599895,0.006024902958948851,0.0017697689919967613,6.542838362487649e-05,1.26729747633352,butler-volmer,0.07140302090715395,0.05859370311340628,6.638598726708614
Pt-ref,0.05040816326530612,333.0,1.25943737599895,0.009929756590595312,0.0029536009528594595,0.00010936180340269428,1.2724300953458074,butler-volmer,0.07140302090715395,0.05859370311340628,6.638598726708614
Pt-ref,0.07061224489795918,333.0,1.25943737599895,0.013666437989987599,0.004137432913722158,0.00015343016143651273,1.2773946770640963,butler-volmer,0.07140302090715395,0.05859370311340628,6.638598726708614
Pt-ref,0.09081632653061224,333.0,1.25943737599895,0.01720019866654005,0.005321264874584856,0.0001976342891865424,1.2821564738292612,butler-volmer,0.07140302090715395,0.05859370311340628,6.638598726708614
Pt-ref,0.1110204081632653,333.0,1.25943737599895,0.02051571020815399,0.006505096835447554,0.00024197502582166372,1.286700158068373,butler-volmer,0.07140302090715395,0.05859370311340628,6.638598726708614
Pt-ref,0.13122448979591836,333.0,1.25943737599895,0.023612256854769746,0.007688928796310252,0.00028645321831502073,1.2910250148683449,butler-volmer,0.07140302090715395,0.05859370311340628,6.638598726708614
Pt-ref,0.15142857142857144,333.0,1.25943737599895,0.026498498734475812,0.008872760757172951,0.00033106972154108526,1.2951397052121398,butler-volmer,0.07140302090715395,0.05859370311340628,6.638598726708614
Pt-ref,0.1716326530612245,333.0,1.25943737599895,0.029188206144242286,0.01005659271803565,0.00037582539837425084,1.2990580002596022,butler-volmer,0.07140302090715395,0.05859370311340628,6.638598726708614
Pt-ref,0.19183673469387758,333.0,1.25943737599895,0.03169730662967708,0.01124042467889835,0.00042072111978896156,1.3027958284273142,butler-volmer,0.07140302090715395,0.05859370311340628,6.638598726708614
Pt-ref,0.21204081632653063,333.0,1.25943737599895,0.03404206238118238,0.012424256639761048,0.00046575776496141167,1.3063694527848546,butler-volmer,0.07140302090715395,0.05859370311340628,6.638598726708614
Pt-ref,0.23224489795918368,333.0,1.25943737599895,0.036238055580381616,0.013608088600623744,0.0005109362213728555,1.3097944564013282,butler-volmer,0.07140302090715395,0.05859370311340628,6.638598726708614
Pt-ref,0.2524489795918367,333.0,1.25943737599895,0.03829969271550648,0.01479192056148644,0.0005562573849145318,1.3130852466608571,butler-volmer,0.07140302090715395,0.05859370311340628,6.638598726708614
Pt-ref,0.2726530612244898,333.0,1.25943737599895,0.040240018124526905,0.015975752522349142,0.0006017221599942649,1.3162548688058202,butler-volmer,0.07140302090715395,0.05859370311340628,6.638598726708614
Pt-ref,0.29285714285714287,333.0,1.25943737599895,0.042070699869931616,0.01715958448321184,0.0006473314596447623,1.319314991811738,butler-volmer,0.07140302090715395,0.05859370311340628,6.638598726708614
Pt-ref,0.3130612244897959,333.0,1.25943737599895,0.04380210422125354,0.018343416444074535,0.0006930862056336214,1.3222759828699115,butler-volmer,0.07140302090715395,0.05859370311340628,6.638598726708614
Pt-ref,0.333265306122449,333.0,1.25943737599895,0.04544340992690085,0.019527248404937237,0.0007389873285751149,1.3251470216593628,butler-volmer,0.07140302090715395,0.05859370311340628,6.638598726708614
Pt-ref,0.353469387755102,333.0,1.25943737599895,0.04700273503918643,0.020711080365799932,0.0007850357680437597,1.32793622717198,butler-volmer,0.07140302090715395,0.05859370311340628,6.638598726708614
Pt-ref,0.37367346938775514,333.0,1.25943737599895,0.04848726188946948,0.021894912326662637,0.0008312324726897155,1.3306507826877718,butler-volmer,0.07140302090715395,0.05859370311340628,6.638598726708614
Pt-ref,0.39387755102040817,333.0,1.25943737599895,0.04990335321227745,0.02307874428752533,0.0008775784003560552,1.3332970518991087,butler-volmer,0.07140302090715395,0.05859370311340628,6.638598726708614
Pt-ref,0.41408163265306125,333.0,1.25943737599895,0.05125665656117854,0.02426257624838803,0.0009240745181979186,1.3358806833267145,butler-volmer,0.07140302090715395,0.05859370311340628,6.638598726708614
Pt-ref,0.4342857142857143,333.0,1.25943737599895,0.05255219639421508,0.025446408209250728,0.0009707218028036191,1.3384067024052193,butler-volmer,0.07140302090715395,0.05859370311340628,6.638598726708614
Pt-ref,0.45448979591836736,333.0,1.25943737599895,0.05379445434512825,0.026630240170113426,0.0010175212403177177,1.3408795917545093,butler-volmer,0.07140302090715395,0.05859370311340628,6.638598726708614
Pt-ref,0.4746938775510204,333.0,1.25943737599895,0.05498743871788654,0.027814072130976124,0.0010644738265661185,1.3433033606743787,butler-volmer,0.07140302090715395,0.05859370311340628,6.638598726708614
Pt-ref,0.49489795918367346,333.0,1.25943737599895,0.0561347444252028,0.028997904091838823,0.001111580567183201,1.3456816050831748,butler-volmer,0.07140302090715395,0.05859370311340628,6.638598726708614
Pt-ref,0.5151020408163265,333.0,1.25943737599895,0.05723960459709393,0.030181736052701517,0.0011588424777410654,1.3480175591264865,butler-volmer,0.07140302090715395,0.05859370311340628,6.638598726708614
Pt-ref,0.5353061224489796,333.0,1.25943737599895,0.058304935003875014,0.031365568013564216,0.0012062605838809013,1.35031413960027,butler-volmer,0.07140302090715395,0.05859370311340628,6.638598726708614
Pt-ref,0.5555102040816327,333.0,1.25943737599895,0.059333372319674504,0.03254939997442692,0.0012538359214465447,1.3525739842144977,butler-volmer,0.07140302090715395,0.05859370311340628,6.638598726708614
Pt-ref,0.5757142857142857,333.0,1.25943737599895,0.06032730712474881,0.03373323193528962,0.001301569536620242,1.3547994845956086,butler-volmer,0.07140302090715395,0.05859370311340628,6.638598726708614
Pt-ref,0.5959183673469388,333.0,1.25943737599895,0.061288912421443104,0.03491706389615232,0.001349462486060693,1.3569928148026058,butler-volmer,0.07140302090715395,0.05859370311340628,6.638598726708614
Pt-ref,0.6161224489795918,333.0,1.25943737599895,0.06222016832603566,0.03610089585701501,0.0013975158370433994,1.359155956019044,butler-volmer,0.07140302090715395,0.05859370311340628,6.638598726708614
Pt-ref,0.636326530612245,333.0,1.25943737599895,0.06312288349927143,0.037284727817877714,0.0014457306676033783,1.3612907179837024,butler-volmer,0.07140302090715395,0.05859370311340628,6.638598726708614
Pt-ref,0.656530612244898,333.0,1.25943737599895,0.0639987137923396,0.03846855977874041,0.0014941080666802668,1.3633987576367104,butler-volmer,0.07140302090715395,0.05859370311340628,6.638598726708614
Pt-ref,0.676734693877551,333.0,1.25943737599895,0.06484917851151759,0.03965239173960311,0.0015426491342658984,1.3654815953843362,butler-volmer,0.07140302090715395,0.05859370311340628,6.638598726708614
Pt-ref,0.696938775510204,333.0,1.25943737599895,0.0656756746423722,0.0408362237004658,0.0015913549815543709,1.367540629323342,butler-volmer,0.07140302090715395,0.05859370311340628,6.638598726708614
Pt-ref,0.7171428571428571,333.0,1.25943737599895,0.06647948932183428,0.0420200556613285,0.001640226731094685,1.3695771477132075,butler-volmer,0.07140302090715395,0.05859370311340628,6.638598726708614
Pt-ref,0.7373469387755103,333.0,1.25943737599895,0.0672618108022492,0.043203887622191205,0.001689265516945971,1.3715923399403362,butler-volmer,0.07140302090715395,0.05859370311340628,6.638598726708614
Pt-ref,0.7575510204081634,333.0,1.25943737599895,0.06802373811437276,0.04438771958305391,0.001738472484835394,1.373587306181212,butler-volmer,0.07140302090715395,0.05859370311340628,6.638598726708614
Pt-ref,0.7777551020408163,333.0,1.25943737599895,0.06876628960511216,0.0455715515439166,0.001787848792318772,1.3755630659402975,butler-volmer,0.07140302090715395,0.05859370311340628,6.638598726708614
Pt-ref,0.7979591836734694,333.0,1.25943737599895,0.06949041049963303,0.0467553835047793,0.0018373956089439618,1.3775205656123062,butler-volmer,0.07140302090715395,0.05859370311340628,6.638598726708614
Pt-ref,0.8181632653061225,333.0,1.25943737599895,0.07019697961545043,0.047939215465642,0.0018871141164170868,1.3794606851964595,butler-volmer,0.07140302090715395,0.05859370311340628,6.638598726708614
Pt-ref,0.8383673469387755,333.0,1.25943737599895,0.07088681533759959,0.04912304742650469,0.0019370055087716393,1.381384244271826,butler-volmer,0.07140302090715395,0.05859370311340628,6.638598726708614
Pt-ref,0.8585714285714285,333.0,1.25943737599895,0.07156068094836754,0.050306879387367394,0.001987070992540546,1.3832920073272252,butler-volmer,0.07140302090715395,0.05859370311340628,6.638598726708614
Pt-ref,0.8787755102040816,333.0,1.25943737599895,0.07221928939187586,0.05149071134823009,0.0020373117869312463,1.385184688525987,butler-volmer,0.07140302090715395,0.05859370311340628,6.638598726708614
Pt-ref,0.8989795918367347,333.0,1.25943737599895,0.07286330754264193,0.05267454330909279,0.002087729124003835,1.3870629559746883,butler-volmer,0.07140302090715395,0.05859370311340628,6.638598726708614
Pt-ref,0.9191836734693877,333.0,1.25943737599895,0.07349336003777554,0.05385837526995548,0.0021383242488523554,1.3889274355555334,butler-volmer,0.07140302090715395,0.05859370311340628,6.638598726708614
Pt-ref,0.9393877551020408,333.0,1.25943737599895,0.07411003272441868,0.05504220723081818,0.002189098419789301,1.3907787143739758,butler-volmer,0.07140302090715395,0.05859370311340628,6.638598726708614
Pt-ref,0.959591836734694,333.0,1.25943737599895,0.07471387576717758,0.05622603919168089,0.0022400529085333854,1.3926173438663416,butler-volmer,0.07140302090715395,0.05859370311340628,6.638598726708614
Pt-ref,0.9797959183673469,333.0,1.25943737599895,0.07530540645443917,0.05740987115254358,0.0022911890004006738,1.3944438426063333,butler-volmer,0.07140302090715395,0.05859370311340628,6.638598726708614
Pt-ref,1.0,333.0,1.25943737599895,0.07588511173745072,0.05859370311340628,0.0023425079944991065,1.3962586988443062,butler-volmer,0.07140302090715395,0.05859370311340628,6.638598726708614
